model,expert_overall_A,expert_overall_B,expert_overall_B_minus_A,expert_method_A,expert_method_B,expert_method_B_minus_A,expert_validation_A,expert_validation_B,expert_validation_B_minus_A,expert_workflow_A,expert_workflow_B,expert_workflow_B_minus_A,expert_feasibility_A,expert_feasibility_B,expert_feasibility_B_minus_A,ordinary_quality_A,ordinary_quality_B,ordinary_quality_B_minus_A,ordinary_workflow_A,ordinary_workflow_B,ordinary_workflow_B_minus_A,ordinary_risk_A,ordinary_risk_B,ordinary_risk_B_minus_A,interpretation
GPT-5.4,4.5,5.75,1.25,4.173076923076923,5.326923076923077,1.1538461538461533,3.75,5.75,2.0,4.75,5.75,1.0,4.75,5.75,1.0,4.883333333333333,5.116666666666667,0.23333333333333428,4.291666666666666,5.375,1.083333333333334,4.416666666666666,4.25,-0.16666666666666607,Clear expert-recognized improvement
Claude Sonnet 4.6,6.0,5.75,-0.25,4.961538461538462,5.096153846153847,0.13461538461538503,5.0,5.0,0.0,6.0,5.75,-0.25,5.5,5.75,0.25,4.666666666666667,4.283333333333333,-0.38333333333333375,4.5,4.5,0.0,4.166666666666667,4.75,0.583333333333333,Mild decline or no benefit
GLM-5.1,5.0,5.5,0.5,5.153846153846154,5.326923076923077,0.17307692307692246,5.0,5.25,0.25,5.5,5.75,0.25,5.5,5.75,0.25,4.866666666666667,4.699999999999999,-0.16666666666666785,5.166666666666666,5.125,-0.041666666666666075,4.333333333333333,5.083333333333333,0.75,Clear expert-recognized improvement
DeepSeek-V4 Pro,5.25,5.5,0.25,5.0576923076923075,5.230769230769231,0.17307692307692335,5.0,5.25,0.25,5.5,5.75,0.25,5.5,5.75,0.25,4.366666666666667,4.5,0.13333333333333286,4.916666666666666,5.041666666666666,0.125,5.333333333333333,5.166666666666666,-0.16666666666666696,Mild expert-recognized improvement
Kimi K2.6,5.0,5.0,0.0,5.076923076923077,5.038461538461538,-0.038461538461538325,5.0,4.75,-0.25,5.5,5.75,0.25,5.5,5.5,0.0,3.3333333333333335,5.016666666666667,1.6833333333333331,4.833333333333333,5.208333333333334,0.3750000000000009,5.833333333333334,3.8333333333333335,-2.0000000000000004,Expert-neutral but user-perceived improvement
MiniMax-M2.7,5.25,5.5,0.25,4.711538461538462,5.514423076923077,0.802884615384615,4.5,5.25,0.75,5.5,6.0,0.5,5.25,5.75,0.5,4.416666666666666,4.716666666666667,0.3000000000000007,4.75,4.916666666666667,0.16666666666666696,5.25,4.666666666666666,-0.5833333333333339,Mild expert-recognized improvement
