metric,label,native_n,skill_n,difference,bootstrap_ci_low,bootstrap_ci_high
expert_overall,Expert overall quality,9,12,0.3888888888888893,-0.04166666666666696,0.9027777777777777
expert_method,Expert methodological quality,9,12,0.46928418803418737,0.12446581196581175,0.9457799145299148
ordinary_quality,Ordinary reviewer quality,9,12,0.25555555555555554,-0.2509490740740739,0.7962962962962958
ordinary_workflow,Ordinary reviewer workflow,9,12,0.314814814814814,-0.1018518518518512,0.6990740740740744
ordinary_risk,Ordinary reviewer perceived risk,9,12,-0.3009259259259265,-1.023148148148147,0.42129629629629495
